{"columns":[0],"index":[0,1,2,3,4,5,6,7,8,9,10,11,12,13,14,15,16,17,18],"data":[[165.3800048828],[168.8200073242],[170.2100067139],[174.0700073242],[174.7200012207],[175.6000061035],[178.9600067139],[177.7700042725],[174.6100006104],[174.3099975586],[178.4400024414],[175.0599975586],[171.8300018311],[172.1399993896],[170.0899963379],[165.75],[167.6600036621],[170.3999938965],[165.2899932861]]}